{"Global MWE-based P": 45.77, "Global MWE-based R": 51.33, "Global MWE-based F": 48.390815653964985, "Global Token-based P": 61.53, "Global Token-based R": 57.12, "Global Token-based F": 59.2430442477876}