{"Global MWE-based P": 46.49, "Global MWE-based R": 48.55, "Global MWE-based F": 47.49767466329967, "Global Token-based P": 61.95, "Global Token-based R": 53.83, "Global Token-based F": 57.6052599758162}